Device;Device serial;ID;Date/Time;Value;Unit;Mode;Value2;Unit2;Mode2;Measurement;Calibration;Additional;Sensor;Sensor serial;User
Multi 3620 IDS; 22490970;4;09.08.2024 10:41:47;1.3;µS/cm;Cond;-0.0;°C;Temp;AR;;C = 0.475 1/cm   Tref25   nLF;TetraCon 925-P; 16201702;
Multi 3620 IDS; 22490970;4;09.08.2024 10:41:52;1.3;µS/cm;Cond;-0.0;°C;Temp;AR;;C = 0.475 1/cm   Tref25   nLF;TetraCon 925-P; 16201702;
Multi 3620 IDS; 22490970;4;09.08.2024 10:41:57;1.3;µS/cm;Cond;-0.0;°C;Temp;AR;;C = 0.475 1/cm   Tref25   nLF;TetraCon 925-P; 16201702;
Multi 3620 IDS; 22490970;4;09.08.2024 10:42:02;1.3;µS/cm;Cond;-0.0;°C;Temp;AR;;C = 0.475 1/cm   Tref25   nLF;TetraCon 925-P; 16201702;
Multi 3620 IDS; 22490970;4;09.08.2024 10:42:07;1.3;µS/cm;Cond;-0.0;°C;Temp;AR;;C = 0.475 1/cm   Tref25   nLF;TetraCon 925-P; 16201702;
Multi 3620 IDS; 22490970;4;09.08.2024 10:42:12;1.3;µS/cm;Cond;-0.0;°C;Temp;AR;;C = 0.475 1/cm   Tref25   nLF;TetraCon 925-P; 16201702;
Multi 3620 IDS; 22490970;4;09.08.2024 10:42:17;1.3;µS/cm;Cond;-0.0;°C;Temp;AR;;C = 0.475 1/cm   Tref25   nLF;TetraCon 925-P; 16201702;
Multi 3620 IDS; 22490970;4;09.08.2024 10:42:22;1.3;µS/cm;Cond;-0.0;°C;Temp;AR;;C = 0.475 1/cm   Tref25   nLF;TetraCon 925-P; 16201702;
Multi 3620 IDS; 22490970;4;09.08.2024 10:42:27;1.3;µS/cm;Cond;-0.0;°C;Temp;AR;;C = 0.475 1/cm   Tref25   nLF;TetraCon 925-P; 16201702;
Multi 3620 IDS; 22490970;4;09.08.2024 10:42:32;1.3;µS/cm;Cond;-0.0;°C;Temp;AR;;C = 0.475 1/cm   Tref25   nLF;TetraCon 925-P; 16201702;
Multi 3620 IDS; 22490970;4;09.08.2024 10:42:37;1.3;µS/cm;Cond;-0.0;°C;Temp;AR;;C = 0.475 1/cm   Tref25   nLF;TetraCon 925-P; 16201702;
Multi 3620 IDS; 22490970;4;09.08.2024 10:42:42;6.6;µS/cm;Cond;-0.0;°C;Temp;;;C = 0.475 1/cm   Tref25   nLF;TetraCon 925-P; 16201702;
Multi 3620 IDS; 22490970;4;09.08.2024 10:42:47;86.6;µS/cm;Cond;-0.0;°C;Temp;;;C = 0.475 1/cm   Tref25   nLF;TetraCon 925-P; 16201702;
Multi 3620 IDS; 22490970;4;09.08.2024 10:42:52;51.8;µS/cm;Cond;-0.0;°C;Temp;;;C = 0.475 1/cm   Tref25   nLF;TetraCon 925-P; 16201702;
Multi 3620 IDS; 22490970;4;09.08.2024 10:42:57;17.6;µS/cm;Cond;-0.0;°C;Temp;;;C = 0.475 1/cm   Tref25   nLF;TetraCon 925-P; 16201702;
Multi 3620 IDS; 22490970;4;09.08.2024 10:43:02;6.2;µS/cm;Cond;-0.0;°C;Temp;;;C = 0.475 1/cm   Tref25   nLF;TetraCon 925-P; 16201702;
Multi 3620 IDS; 22490970;4;09.08.2024 10:43:07;2.9;µS/cm;Cond;-0.0;°C;Temp;;;C = 0.475 1/cm   Tref25   nLF;TetraCon 925-P; 16201702;
Multi 3620 IDS; 22490970;4;09.08.2024 10:43:12;1.9;µS/cm;Cond;-0.0;°C;Temp;;;C = 0.475 1/cm   Tref25   nLF;TetraCon 925-P; 16201702;
Multi 3620 IDS; 22490970;4;09.08.2024 10:43:17;1.6;µS/cm;Cond;-0.0;°C;Temp;;;C = 0.475 1/cm   Tref25   nLF;TetraCon 925-P; 16201702;
Multi 3620 IDS; 22490970;4;09.08.2024 10:43:22;1.5;µS/cm;Cond;-0.0;°C;Temp;;;C = 0.475 1/cm   Tref25   nLF;TetraCon 925-P; 16201702;
Multi 3620 IDS; 22490970;4;09.08.2024 10:43:27;1.4;µS/cm;Cond;-0.0;°C;Temp;;;C = 0.475 1/cm   Tref25   nLF;TetraCon 925-P; 16201702;
Multi 3620 IDS; 22490970;4;09.08.2024 10:43:32;1.4;µS/cm;Cond;-0.0;°C;Temp;AR;;C = 0.475 1/cm   Tref25   nLF;TetraCon 925-P; 16201702;
Multi 3620 IDS; 22490970;4;09.08.2024 10:43:37;1.4;µS/cm;Cond;-0.0;°C;Temp;AR;;C = 0.475 1/cm   Tref25   nLF;TetraCon 925-P; 16201702;
Multi 3620 IDS; 22490970;4;09.08.2024 10:43:42;1.4;µS/cm;Cond;-0.0;°C;Temp;AR;;C = 0.475 1/cm   Tref25   nLF;TetraCon 925-P; 16201702;
Multi 3620 IDS; 22490970;4;09.08.2024 10:43:47;1.4;µS/cm;Cond;-0.0;°C;Temp;AR;;C = 0.475 1/cm   Tref25   nLF;TetraCon 925-P; 16201702;
Multi 3620 IDS; 22490970;4;09.08.2024 10:43:52;1.4;µS/cm;Cond;-0.0;°C;Temp;AR;;C = 0.475 1/cm   Tref25   nLF;TetraCon 925-P; 16201702;
Multi 3620 IDS; 22490970;4;09.08.2024 10:43:57;1.4;µS/cm;Cond;-0.0;°C;Temp;AR;;C = 0.475 1/cm   Tref25   nLF;TetraCon 925-P; 16201702;
Multi 3620 IDS; 22490970;4;09.08.2024 10:44:02;1.3;µS/cm;Cond;-0.0;°C;Temp;AR;;C = 0.475 1/cm   Tref25   nLF;TetraCon 925-P; 16201702;
Multi 3620 IDS; 22490970;4;09.08.2024 10:44:07;1.3;µS/cm;Cond;-0.0;°C;Temp;AR;;C = 0.475 1/cm   Tref25   nLF;TetraCon 925-P; 16201702;
Multi 3620 IDS; 22490970;4;09.08.2024 10:44:12;1.3;µS/cm;Cond;-0.0;°C;Temp;AR;;C = 0.475 1/cm   Tref25   nLF;TetraCon 925-P; 16201702;
Multi 3620 IDS; 22490970;4;09.08.2024 10:44:17;1.3;µS/cm;Cond;-0.0;°C;Temp;AR;;C = 0.475 1/cm   Tref25   nLF;TetraCon 925-P; 16201702;
Multi 3620 IDS; 22490970;4;09.08.2024 10:44:22;1.3;µS/cm;Cond;-0.0;°C;Temp;AR;;C = 0.475 1/cm   Tref25   nLF;TetraCon 925-P; 16201702;
Multi 3620 IDS; 22490970;4;09.08.2024 10:44:27;1.3;µS/cm;Cond;-0.0;°C;Temp;AR;;C = 0.475 1/cm   Tref25   nLF;TetraCon 925-P; 16201702;
Multi 3620 IDS; 22490970;4;09.08.2024 10:44:32;1.3;µS/cm;Cond;-0.0;°C;Temp;AR;;C = 0.475 1/cm   Tref25   nLF;TetraCon 925-P; 16201702;
Multi 3620 IDS; 22490970;4;09.08.2024 10:44:37;1.3;µS/cm;Cond;-0.0;°C;Temp;AR;;C = 0.475 1/cm   Tref25   nLF;TetraCon 925-P; 16201702;
Multi 3620 IDS; 22490970;4;09.08.2024 10:44:42;1.3;µS/cm;Cond;-0.0;°C;Temp;AR;;C = 0.475 1/cm   Tref25   nLF;TetraCon 925-P; 16201702;
Multi 3620 IDS; 22490970;4;09.08.2024 10:44:47;1.3;µS/cm;Cond;-0.0;°C;Temp;AR;;C = 0.475 1/cm   Tref25   nLF;TetraCon 925-P; 16201702;
Multi 3620 IDS; 22490970;4;09.08.2024 11:40:05;1.4;µS/cm;Cond;-0.1;°C;Temp;AR;;C = 0.475 1/cm   Tref25   nLF;TetraCon 925-P; 16201702;
Multi 3620 IDS; 22490970;4;09.08.2024 11:40:10;1.4;µS/cm;Cond;-0.1;°C;Temp;AR;;C = 0.475 1/cm   Tref25   nLF;TetraCon 925-P; 16201702;
Multi 3620 IDS; 22490970;4;09.08.2024 11:40:15;1.4;µS/cm;Cond;-0.1;°C;Temp;AR;;C = 0.475 1/cm   Tref25   nLF;TetraCon 925-P; 16201702;
Multi 3620 IDS; 22490970;4;09.08.2024 11:40:20;1.4;µS/cm;Cond;-0.1;°C;Temp;AR;;C = 0.475 1/cm   Tref25   nLF;TetraCon 925-P; 16201702;
Multi 3620 IDS; 22490970;4;09.08.2024 11:40:25;1.4;µS/cm;Cond;-0.1;°C;Temp;AR;;C = 0.475 1/cm   Tref25   nLF;TetraCon 925-P; 16201702;
Multi 3620 IDS; 22490970;4;09.08.2024 11:40:30;1.4;µS/cm;Cond;-0.1;°C;Temp;AR;;C = 0.475 1/cm   Tref25   nLF;TetraCon 925-P; 16201702;
Multi 3620 IDS; 22490970;4;09.08.2024 11:40:35;1.4;µS/cm;Cond;-0.1;°C;Temp;AR;;C = 0.475 1/cm   Tref25   nLF;TetraCon 925-P; 16201702;
Multi 3620 IDS; 22490970;4;09.08.2024 11:40:40;1.4;µS/cm;Cond;-0.1;°C;Temp;AR;;C = 0.475 1/cm   Tref25   nLF;TetraCon 925-P; 16201702;
Multi 3620 IDS; 22490970;4;09.08.2024 11:40:45;1.4;µS/cm;Cond;-0.1;°C;Temp;AR;;C = 0.475 1/cm   Tref25   nLF;TetraCon 925-P; 16201702;
Multi 3620 IDS; 22490970;4;09.08.2024 11:40:50;1.4;µS/cm;Cond;-0.1;°C;Temp;AR;;C = 0.475 1/cm   Tref25   nLF;TetraCon 925-P; 16201702;
Multi 3620 IDS; 22490970;4;09.08.2024 11:40:55;1.4;µS/cm;Cond;-0.1;°C;Temp;AR;;C = 0.475 1/cm   Tref25   nLF;TetraCon 925-P; 16201702;
Multi 3620 IDS; 22490970;4;09.08.2024 11:41:00;1.4;µS/cm;Cond;-0.1;°C;Temp;AR;;C = 0.475 1/cm   Tref25   nLF;TetraCon 925-P; 16201702;
Multi 3620 IDS; 22490970;4;09.08.2024 11:41:05;1.4;µS/cm;Cond;-0.1;°C;Temp;AR;;C = 0.475 1/cm   Tref25   nLF;TetraCon 925-P; 16201702;
Multi 3620 IDS; 22490970;4;09.08.2024 11:41:10;1.4;µS/cm;Cond;-0.1;°C;Temp;AR;;C = 0.475 1/cm   Tref25   nLF;TetraCon 925-P; 16201702;
Multi 3620 IDS; 22490970;4;09.08.2024 11:41:15;1.4;µS/cm;Cond;-0.1;°C;Temp;AR;;C = 0.475 1/cm   Tref25   nLF;TetraCon 925-P; 16201702;
Multi 3620 IDS; 22490970;4;09.08.2024 11:41:20;1.4;µS/cm;Cond;-0.1;°C;Temp;AR;;C = 0.475 1/cm   Tref25   nLF;TetraCon 925-P; 16201702;
Multi 3620 IDS; 22490970;4;09.08.2024 11:41:25;1.4;µS/cm;Cond;-0.1;°C;Temp;AR;;C = 0.475 1/cm   Tref25   nLF;TetraCon 925-P; 16201702;
Multi 3620 IDS; 22490970;4;09.08.2024 11:41:30;1.4;µS/cm;Cond;-0.1;°C;Temp;AR;;C = 0.475 1/cm   Tref25   nLF;TetraCon 925-P; 16201702;
Multi 3620 IDS; 22490970;4;09.08.2024 11:41:35;1.4;µS/cm;Cond;-0.1;°C;Temp;AR;;C = 0.475 1/cm   Tref25   nLF;TetraCon 925-P; 16201702;
Multi 3620 IDS; 22490970;4;09.08.2024 11:41:40;3.3;µS/cm;Cond;-0.1;°C;Temp;;;C = 0.475 1/cm   Tref25   nLF;TetraCon 925-P; 16201702;
Multi 3620 IDS; 22490970;4;09.08.2024 11:41:45;19.6;µS/cm;Cond;-0.1;°C;Temp;;;C = 0.475 1/cm   Tref25   nLF;TetraCon 925-P; 16201702;
Multi 3620 IDS; 22490970;4;09.08.2024 11:41:50;45.3;µS/cm;Cond;-0.1;°C;Temp;;;C = 0.475 1/cm   Tref25   nLF;TetraCon 925-P; 16201702;
Multi 3620 IDS; 22490970;4;09.08.2024 11:41:55;46.0;µS/cm;Cond;-0.1;°C;Temp;;;C = 0.475 1/cm   Tref25   nLF;TetraCon 925-P; 16201702;
Multi 3620 IDS; 22490970;4;09.08.2024 11:42:00;31.7;µS/cm;Cond;-0.1;°C;Temp;;;C = 0.475 1/cm   Tref25   nLF;TetraCon 925-P; 16201702;
Multi 3620 IDS; 22490970;4;09.08.2024 11:42:05;19.7;µS/cm;Cond;-0.1;°C;Temp;;;C = 0.475 1/cm   Tref25   nLF;TetraCon 925-P; 16201702;
Multi 3620 IDS; 22490970;4;09.08.2024 11:42:10;12.8;µS/cm;Cond;-0.1;°C;Temp;;;C = 0.475 1/cm   Tref25   nLF;TetraCon 925-P; 16201702;
Multi 3620 IDS; 22490970;4;09.08.2024 11:42:15;8.0;µS/cm;Cond;-0.1;°C;Temp;;;C = 0.475 1/cm   Tref25   nLF;TetraCon 925-P; 16201702;
Multi 3620 IDS; 22490970;4;09.08.2024 11:42:20;5.4;µS/cm;Cond;-0.1;°C;Temp;;;C = 0.475 1/cm   Tref25   nLF;TetraCon 925-P; 16201702;
Multi 3620 IDS; 22490970;4;09.08.2024 11:42:25;3.8;µS/cm;Cond;-0.1;°C;Temp;;;C = 0.475 1/cm   Tref25   nLF;TetraCon 925-P; 16201702;
Multi 3620 IDS; 22490970;4;09.08.2024 11:42:30;2.9;µS/cm;Cond;-0.1;°C;Temp;;;C = 0.475 1/cm   Tref25   nLF;TetraCon 925-P; 16201702;
Multi 3620 IDS; 22490970;4;09.08.2024 11:42:35;2.4;µS/cm;Cond;-0.1;°C;Temp;;;C = 0.475 1/cm   Tref25   nLF;TetraCon 925-P; 16201702;
Multi 3620 IDS; 22490970;4;09.08.2024 11:42:40;2.1;µS/cm;Cond;-0.1;°C;Temp;;;C = 0.475 1/cm   Tref25   nLF;TetraCon 925-P; 16201702;
Multi 3620 IDS; 22490970;4;09.08.2024 11:42:45;1.9;µS/cm;Cond;-0.1;°C;Temp;;;C = 0.475 1/cm   Tref25   nLF;TetraCon 925-P; 16201702;
Multi 3620 IDS; 22490970;4;09.08.2024 11:42:50;1.7;µS/cm;Cond;-0.1;°C;Temp;;;C = 0.475 1/cm   Tref25   nLF;TetraCon 925-P; 16201702;
Multi 3620 IDS; 22490970;4;09.08.2024 11:42:55;1.6;µS/cm;Cond;-0.1;°C;Temp;;;C = 0.475 1/cm   Tref25   nLF;TetraCon 925-P; 16201702;
Multi 3620 IDS; 22490970;4;09.08.2024 11:43:00;1.6;µS/cm;Cond;-0.1;°C;Temp;;;C = 0.475 1/cm   Tref25   nLF;TetraCon 925-P; 16201702;
Multi 3620 IDS; 22490970;4;09.08.2024 11:43:05;1.5;µS/cm;Cond;-0.1;°C;Temp;;;C = 0.475 1/cm   Tref25   nLF;TetraCon 925-P; 16201702;
Multi 3620 IDS; 22490970;4;09.08.2024 11:43:10;1.5;µS/cm;Cond;-0.1;°C;Temp;;;C = 0.475 1/cm   Tref25   nLF;TetraCon 925-P; 16201702;
Multi 3620 IDS; 22490970;4;09.08.2024 11:43:15;1.5;µS/cm;Cond;-0.1;°C;Temp;AR;;C = 0.475 1/cm   Tref25   nLF;TetraCon 925-P; 16201702;
Multi 3620 IDS; 22490970;4;09.08.2024 11:43:20;1.4;µS/cm;Cond;-0.1;°C;Temp;AR;;C = 0.475 1/cm   Tref25   nLF;TetraCon 925-P; 16201702;
Multi 3620 IDS; 22490970;4;09.08.2024 11:43:25;1.4;µS/cm;Cond;-0.1;°C;Temp;AR;;C = 0.475 1/cm   Tref25   nLF;TetraCon 925-P; 16201702;
Multi 3620 IDS; 22490970;4;09.08.2024 11:43:30;1.4;µS/cm;Cond;-0.1;°C;Temp;AR;;C = 0.475 1/cm   Tref25   nLF;TetraCon 925-P; 16201702;
Multi 3620 IDS; 22490970;4;09.08.2024 11:43:35;1.4;µS/cm;Cond;-0.1;°C;Temp;AR;;C = 0.475 1/cm   Tref25   nLF;TetraCon 925-P; 16201702;
Multi 3620 IDS; 22490970;4;09.08.2024 11:43:40;1.4;µS/cm;Cond;-0.1;°C;Temp;AR;;C = 0.475 1/cm   Tref25   nLF;TetraCon 925-P; 16201702;
Multi 3620 IDS; 22490970;4;09.08.2024 11:43:45;1.4;µS/cm;Cond;-0.1;°C;Temp;AR;;C = 0.475 1/cm   Tref25   nLF;TetraCon 925-P; 16201702;
Multi 3620 IDS; 22490970;4;09.08.2024 11:43:50;1.4;µS/cm;Cond;-0.1;°C;Temp;AR;;C = 0.475 1/cm   Tref25   nLF;TetraCon 925-P; 16201702;
Multi 3620 IDS; 22490970;4;09.08.2024 11:43:55;1.4;µS/cm;Cond;-0.1;°C;Temp;AR;;C = 0.475 1/cm   Tref25   nLF;TetraCon 925-P; 16201702;
Multi 3620 IDS; 22490970;4;09.08.2024 11:44:00;1.4;µS/cm;Cond;-0.1;°C;Temp;AR;;C = 0.475 1/cm   Tref25   nLF;TetraCon 925-P; 16201702;
Multi 3620 IDS; 22490970;4;09.08.2024 11:44:05;1.4;µS/cm;Cond;-0.1;°C;Temp;AR;;C = 0.475 1/cm   Tref25   nLF;TetraCon 925-P; 16201702;
Multi 3620 IDS; 22490970;4;09.08.2024 14:16:35;1.4;µS/cm;Cond;-0.1;°C;Temp;AR;;C = 0.475 1/cm   Tref25   nLF;TetraCon 925-P; 16201702;
Multi 3620 IDS; 22490970;4;09.08.2024 14:16:40;1.4;µS/cm;Cond;-0.1;°C;Temp;AR;;C = 0.475 1/cm   Tref25   nLF;TetraCon 925-P; 16201702;
Multi 3620 IDS; 22490970;4;09.08.2024 14:16:45;1.4;µS/cm;Cond;-0.1;°C;Temp;AR;;C = 0.475 1/cm   Tref25   nLF;TetraCon 925-P; 16201702;
Multi 3620 IDS; 22490970;4;09.08.2024 14:16:50;1.4;µS/cm;Cond;-0.1;°C;Temp;AR;;C = 0.475 1/cm   Tref25   nLF;TetraCon 925-P; 16201702;
Multi 3620 IDS; 22490970;4;09.08.2024 14:16:55;1.4;µS/cm;Cond;-0.1;°C;Temp;AR;;C = 0.475 1/cm   Tref25   nLF;TetraCon 925-P; 16201702;
Multi 3620 IDS; 22490970;4;09.08.2024 14:17:00;1.4;µS/cm;Cond;-0.1;°C;Temp;AR;;C = 0.475 1/cm   Tref25   nLF;TetraCon 925-P; 16201702;
Multi 3620 IDS; 22490970;4;09.08.2024 14:17:05;1.4;µS/cm;Cond;-0.1;°C;Temp;AR;;C = 0.475 1/cm   Tref25   nLF;TetraCon 925-P; 16201702;
Multi 3620 IDS; 22490970;4;09.08.2024 14:17:10;1.4;µS/cm;Cond;-0.1;°C;Temp;AR;;C = 0.475 1/cm   Tref25   nLF;TetraCon 925-P; 16201702;
Multi 3620 IDS; 22490970;4;09.08.2024 14:17:15;1.4;µS/cm;Cond;-0.1;°C;Temp;AR;;C = 0.475 1/cm   Tref25   nLF;TetraCon 925-P; 16201702;
Multi 3620 IDS; 22490970;4;09.08.2024 14:17:20;1.4;µS/cm;Cond;-0.1;°C;Temp;AR;;C = 0.475 1/cm   Tref25   nLF;TetraCon 925-P; 16201702;
Multi 3620 IDS; 22490970;4;09.08.2024 14:17:25;1.4;µS/cm;Cond;-0.1;°C;Temp;AR;;C = 0.475 1/cm   Tref25   nLF;TetraCon 925-P; 16201702;
Multi 3620 IDS; 22490970;4;09.08.2024 14:17:30;1.4;µS/cm;Cond;-0.1;°C;Temp;AR;;C = 0.475 1/cm   Tref25   nLF;TetraCon 925-P; 16201702;
Multi 3620 IDS; 22490970;4;09.08.2024 14:17:35;1.4;µS/cm;Cond;-0.1;°C;Temp;AR;;C = 0.475 1/cm   Tref25   nLF;TetraCon 925-P; 16201702;
Multi 3620 IDS; 22490970;4;09.08.2024 14:17:40;1.4;µS/cm;Cond;-0.1;°C;Temp;AR;;C = 0.475 1/cm   Tref25   nLF;TetraCon 925-P; 16201702;
Multi 3620 IDS; 22490970;4;09.08.2024 14:17:45;1.4;µS/cm;Cond;-0.1;°C;Temp;AR;;C = 0.475 1/cm   Tref25   nLF;TetraCon 925-P; 16201702;
Multi 3620 IDS; 22490970;4;09.08.2024 14:17:50;1.4;µS/cm;Cond;-0.1;°C;Temp;AR;;C = 0.475 1/cm   Tref25   nLF;TetraCon 925-P; 16201702;
Multi 3620 IDS; 22490970;4;09.08.2024 14:17:55;1.4;µS/cm;Cond;-0.1;°C;Temp;AR;;C = 0.475 1/cm   Tref25   nLF;TetraCon 925-P; 16201702;
Multi 3620 IDS; 22490970;4;09.08.2024 14:18:00;1.4;µS/cm;Cond;-0.1;°C;Temp;AR;;C = 0.475 1/cm   Tref25   nLF;TetraCon 925-P; 16201702;
Multi 3620 IDS; 22490970;4;09.08.2024 14:18:05;1.4;µS/cm;Cond;-0.1;°C;Temp;AR;;C = 0.475 1/cm   Tref25   nLF;TetraCon 925-P; 16201702;
Multi 3620 IDS; 22490970;4;09.08.2024 14:18:10;1.4;µS/cm;Cond;-0.1;°C;Temp;AR;;C = 0.475 1/cm   Tref25   nLF;TetraCon 925-P; 16201702;
Multi 3620 IDS; 22490970;4;09.08.2024 14:18:15;1.4;µS/cm;Cond;-0.1;°C;Temp;AR;;C = 0.475 1/cm   Tref25   nLF;TetraCon 925-P; 16201702;
Multi 3620 IDS; 22490970;4;09.08.2024 14:18:20;1.5;µS/cm;Cond;-0.1;°C;Temp;;;C = 0.475 1/cm   Tref25   nLF;TetraCon 925-P; 16201702;
Multi 3620 IDS; 22490970;4;09.08.2024 14:18:25;1.8;µS/cm;Cond;-0.1;°C;Temp;;;C = 0.475 1/cm   Tref25   nLF;TetraCon 925-P; 16201702;
Multi 3620 IDS; 22490970;4;09.08.2024 14:18:30;2.5;µS/cm;Cond;-0.1;°C;Temp;;;C = 0.475 1/cm   Tref25   nLF;TetraCon 925-P; 16201702;
Multi 3620 IDS; 22490970;4;09.08.2024 14:18:35;4.0;µS/cm;Cond;-0.1;°C;Temp;;;C = 0.475 1/cm   Tref25   nLF;TetraCon 925-P; 16201702;
Multi 3620 IDS; 22490970;4;09.08.2024 14:18:40;6.5;µS/cm;Cond;-0.1;°C;Temp;;;C = 0.475 1/cm   Tref25   nLF;TetraCon 925-P; 16201702;
Multi 3620 IDS; 22490970;4;09.08.2024 14:18:45;9.7;µS/cm;Cond;-0.1;°C;Temp;;;C = 0.475 1/cm   Tref25   nLF;TetraCon 925-P; 16201702;
Multi 3620 IDS; 22490970;4;09.08.2024 14:18:50;13.7;µS/cm;Cond;-0.1;°C;Temp;;;C = 0.475 1/cm   Tref25   nLF;TetraCon 925-P; 16201702;
Multi 3620 IDS; 22490970;4;09.08.2024 14:18:55;18.2;µS/cm;Cond;-0.1;°C;Temp;;;C = 0.475 1/cm   Tref25   nLF;TetraCon 925-P; 16201702;
Multi 3620 IDS; 22490970;4;09.08.2024 14:19:00;21.7;µS/cm;Cond;-0.1;°C;Temp;;;C = 0.475 1/cm   Tref25   nLF;TetraCon 925-P; 16201702;
Multi 3620 IDS; 22490970;4;09.08.2024 14:19:05;24.6;µS/cm;Cond;-0.1;°C;Temp;;;C = 0.475 1/cm   Tref25   nLF;TetraCon 925-P; 16201702;
Multi 3620 IDS; 22490970;4;09.08.2024 14:19:10;26.2;µS/cm;Cond;-0.1;°C;Temp;;;C = 0.475 1/cm   Tref25   nLF;TetraCon 925-P; 16201702;
Multi 3620 IDS; 22490970;4;09.08.2024 14:19:15;26.6;µS/cm;Cond;-0.1;°C;Temp;;;C = 0.475 1/cm   Tref25   nLF;TetraCon 925-P; 16201702;
Multi 3620 IDS; 22490970;4;09.08.2024 14:19:20;25.9;µS/cm;Cond;-0.1;°C;Temp;;;C = 0.475 1/cm   Tref25   nLF;TetraCon 925-P; 16201702;
Multi 3620 IDS; 22490970;4;09.08.2024 14:19:25;24.3;µS/cm;Cond;-0.1;°C;Temp;;;C = 0.475 1/cm   Tref25   nLF;TetraCon 925-P; 16201702;
Multi 3620 IDS; 22490970;4;09.08.2024 14:19:30;22.2;µS/cm;Cond;-0.1;°C;Temp;;;C = 0.475 1/cm   Tref25   nLF;TetraCon 925-P; 16201702;
Multi 3620 IDS; 22490970;4;09.08.2024 14:19:35;19.5;µS/cm;Cond;-0.1;°C;Temp;;;C = 0.475 1/cm   Tref25   nLF;TetraCon 925-P; 16201702;
Multi 3620 IDS; 22490970;4;09.08.2024 14:19:40;17.1;µS/cm;Cond;-0.1;°C;Temp;;;C = 0.475 1/cm   Tref25   nLF;TetraCon 925-P; 16201702;
Multi 3620 IDS; 22490970;4;09.08.2024 14:19:45;14.7;µS/cm;Cond;-0.1;°C;Temp;;;C = 0.475 1/cm   Tref25   nLF;TetraCon 925-P; 16201702;
Multi 3620 IDS; 22490970;4;09.08.2024 14:19:50;12.2;µS/cm;Cond;-0.1;°C;Temp;;;C = 0.475 1/cm   Tref25   nLF;TetraCon 925-P; 16201702;
Multi 3620 IDS; 22490970;4;09.08.2024 14:19:55;10.5;µS/cm;Cond;-0.1;°C;Temp;;;C = 0.475 1/cm   Tref25   nLF;TetraCon 925-P; 16201702;
Multi 3620 IDS; 22490970;4;09.08.2024 14:20:00;8.6;µS/cm;Cond;-0.1;°C;Temp;;;C = 0.475 1/cm   Tref25   nLF;TetraCon 925-P; 16201702;
Multi 3620 IDS; 22490970;4;09.08.2024 14:20:05;7.5;µS/cm;Cond;-0.1;°C;Temp;;;C = 0.475 1/cm   Tref25   nLF;TetraCon 925-P; 16201702;
Multi 3620 IDS; 22490970;4;09.08.2024 14:20:10;6.4;µS/cm;Cond;-0.1;°C;Temp;;;C = 0.475 1/cm   Tref25   nLF;TetraCon 925-P; 16201702;
Multi 3620 IDS; 22490970;4;09.08.2024 14:20:15;5.4;µS/cm;Cond;-0.1;°C;Temp;;;C = 0.475 1/cm   Tref25   nLF;TetraCon 925-P; 16201702;
Multi 3620 IDS; 22490970;4;09.08.2024 14:20:20;4.7;µS/cm;Cond;-0.1;°C;Temp;;;C = 0.475 1/cm   Tref25   nLF;TetraCon 925-P; 16201702;
Multi 3620 IDS; 22490970;4;09.08.2024 14:20:25;4.1;µS/cm;Cond;-0.1;°C;Temp;;;C = 0.475 1/cm   Tref25   nLF;TetraCon 925-P; 16201702;
Multi 3620 IDS; 22490970;4;09.08.2024 14:20:30;3.6;µS/cm;Cond;-0.1;°C;Temp;;;C = 0.475 1/cm   Tref25   nLF;TetraCon 925-P; 16201702;
Multi 3620 IDS; 22490970;4;09.08.2024 14:20:35;3.2;µS/cm;Cond;-0.1;°C;Temp;;;C = 0.475 1/cm   Tref25   nLF;TetraCon 925-P; 16201702;
Multi 3620 IDS; 22490970;4;09.08.2024 14:20:40;2.9;µS/cm;Cond;-0.1;°C;Temp;;;C = 0.475 1/cm   Tref25   nLF;TetraCon 925-P; 16201702;
Multi 3620 IDS; 22490970;4;09.08.2024 14:20:45;2.6;µS/cm;Cond;-0.1;°C;Temp;;;C = 0.475 1/cm   Tref25   nLF;TetraCon 925-P; 16201702;
Multi 3620 IDS; 22490970;4;09.08.2024 14:20:50;2.5;µS/cm;Cond;-0.1;°C;Temp;;;C = 0.475 1/cm   Tref25   nLF;TetraCon 925-P; 16201702;
Multi 3620 IDS; 22490970;4;09.08.2024 14:20:55;2.3;µS/cm;Cond;-0.1;°C;Temp;;;C = 0.475 1/cm   Tref25   nLF;TetraCon 925-P; 16201702;
Multi 3620 IDS; 22490970;4;09.08.2024 14:21:00;2.2;µS/cm;Cond;-0.1;°C;Temp;;;C = 0.475 1/cm   Tref25   nLF;TetraCon 925-P; 16201702;
Multi 3620 IDS; 22490970;4;09.08.2024 14:21:05;2.1;µS/cm;Cond;-0.1;°C;Temp;;;C = 0.475 1/cm   Tref25   nLF;TetraCon 925-P; 16201702;
Multi 3620 IDS; 22490970;4;09.08.2024 14:21:10;2.0;µS/cm;Cond;-0.1;°C;Temp;;;C = 0.475 1/cm   Tref25   nLF;TetraCon 925-P; 16201702;
Multi 3620 IDS; 22490970;4;09.08.2024 14:21:15;1.9;µS/cm;Cond;-0.1;°C;Temp;;;C = 0.475 1/cm   Tref25   nLF;TetraCon 925-P; 16201702;
Multi 3620 IDS; 22490970;4;09.08.2024 14:21:20;1.8;µS/cm;Cond;-0.1;°C;Temp;;;C = 0.475 1/cm   Tref25   nLF;TetraCon 925-P; 16201702;
Multi 3620 IDS; 22490970;4;09.08.2024 14:21:25;1.8;µS/cm;Cond;-0.1;°C;Temp;;;C = 0.475 1/cm   Tref25   nLF;TetraCon 925-P; 16201702;
Multi 3620 IDS; 22490970;4;09.08.2024 14:21:30;1.7;µS/cm;Cond;-0.1;°C;Temp;;;C = 0.475 1/cm   Tref25   nLF;TetraCon 925-P; 16201702;
Multi 3620 IDS; 22490970;4;09.08.2024 14:21:35;1.7;µS/cm;Cond;-0.1;°C;Temp;;;C = 0.475 1/cm   Tref25   nLF;TetraCon 925-P; 16201702;
Multi 3620 IDS; 22490970;4;09.08.2024 14:59:27;1.4;µS/cm;Cond;-0.1;°C;Temp;AR;;C = 0.475 1/cm   Tref25   nLF;TetraCon 925-P; 16201702;
Multi 3620 IDS; 22490970;4;09.08.2024 14:59:32;1.4;µS/cm;Cond;-0.1;°C;Temp;AR;;C = 0.475 1/cm   Tref25   nLF;TetraCon 925-P; 16201702;
Multi 3620 IDS; 22490970;4;09.08.2024 14:59:37;1.4;µS/cm;Cond;-0.1;°C;Temp;AR;;C = 0.475 1/cm   Tref25   nLF;TetraCon 925-P; 16201702;
Multi 3620 IDS; 22490970;4;09.08.2024 14:59:42;1.4;µS/cm;Cond;-0.1;°C;Temp;AR;;C = 0.475 1/cm   Tref25   nLF;TetraCon 925-P; 16201702;
Multi 3620 IDS; 22490970;4;09.08.2024 14:59:47;1.4;µS/cm;Cond;-0.1;°C;Temp;AR;;C = 0.475 1/cm   Tref25   nLF;TetraCon 925-P; 16201702;
Multi 3620 IDS; 22490970;4;09.08.2024 14:59:52;1.4;µS/cm;Cond;-0.1;°C;Temp;AR;;C = 0.475 1/cm   Tref25   nLF;TetraCon 925-P; 16201702;
Multi 3620 IDS; 22490970;4;09.08.2024 14:59:57;2.1;µS/cm;Cond;-0.1;°C;Temp;;;C = 0.475 1/cm   Tref25   nLF;TetraCon 925-P; 16201702;
Multi 3620 IDS; 22490970;4;09.08.2024 15:00:02;15.9;µS/cm;Cond;-0.1;°C;Temp;;;C = 0.475 1/cm   Tref25   nLF;TetraCon 925-P; 16201702;
Multi 3620 IDS; 22490970;4;09.08.2024 15:00:07;57.6;µS/cm;Cond;-0.1;°C;Temp;;;C = 0.475 1/cm   Tref25   nLF;TetraCon 925-P; 16201702;
Multi 3620 IDS; 22490970;4;09.08.2024 15:00:12;42.1;µS/cm;Cond;-0.1;°C;Temp;;;C = 0.475 1/cm   Tref25   nLF;TetraCon 925-P; 16201702;
Multi 3620 IDS; 22490970;4;09.08.2024 15:00:17;31.1;µS/cm;Cond;-0.1;°C;Temp;;;C = 0.475 1/cm   Tref25   nLF;TetraCon 925-P; 16201702;
Multi 3620 IDS; 22490970;4;09.08.2024 15:00:22;22.0;µS/cm;Cond;-0.1;°C;Temp;;;C = 0.475 1/cm   Tref25   nLF;TetraCon 925-P; 16201702;
Multi 3620 IDS; 22490970;4;09.08.2024 15:00:27;13.7;µS/cm;Cond;-0.1;°C;Temp;;;C = 0.475 1/cm   Tref25   nLF;TetraCon 925-P; 16201702;
Multi 3620 IDS; 22490970;4;09.08.2024 15:00:32;8.2;µS/cm;Cond;-0.1;°C;Temp;;;C = 0.475 1/cm   Tref25   nLF;TetraCon 925-P; 16201702;
Multi 3620 IDS; 22490970;4;09.08.2024 15:00:37;5.1;µS/cm;Cond;-0.1;°C;Temp;;;C = 0.475 1/cm   Tref25   nLF;TetraCon 925-P; 16201702;
Multi 3620 IDS; 22490970;4;09.08.2024 15:00:42;3.3;µS/cm;Cond;-0.1;°C;Temp;;;C = 0.475 1/cm   Tref25   nLF;TetraCon 925-P; 16201702;
Multi 3620 IDS; 22490970;4;09.08.2024 15:00:47;2.9;µS/cm;Cond;-0.1;°C;Temp;;;C = 0.475 1/cm   Tref25   nLF;TetraCon 925-P; 16201702;
Multi 3620 IDS; 22490970;4;09.08.2024 15:00:52;2.1;µS/cm;Cond;-0.1;°C;Temp;;;C = 0.475 1/cm   Tref25   nLF;TetraCon 925-P; 16201702;
Multi 3620 IDS; 22490970;4;09.08.2024 15:00:57;2.1;µS/cm;Cond;-0.1;°C;Temp;;;C = 0.475 1/cm   Tref25   nLF;TetraCon 925-P; 16201702;
Multi 3620 IDS; 22490970;4;09.08.2024 15:01:02;1.8;µS/cm;Cond;-0.1;°C;Temp;;;C = 0.475 1/cm   Tref25   nLF;TetraCon 925-P; 16201702;
Multi 3620 IDS; 22490970;4;09.08.2024 15:01:07;1.6;µS/cm;Cond;-0.1;°C;Temp;;;C = 0.475 1/cm   Tref25   nLF;TetraCon 925-P; 16201702;
Multi 3620 IDS; 22490970;4;09.08.2024 15:01:12;1.6;µS/cm;Cond;-0.1;°C;Temp;;;C = 0.475 1/cm   Tref25   nLF;TetraCon 925-P; 16201702;
Multi 3620 IDS; 22490970;4;09.08.2024 15:01:17;1.5;µS/cm;Cond;-0.1;°C;Temp;;;C = 0.475 1/cm   Tref25   nLF;TetraCon 925-P; 16201702;
Multi 3620 IDS; 22490970;4;09.08.2024 15:01:22;1.5;µS/cm;Cond;-0.1;°C;Temp;;;C = 0.475 1/cm   Tref25   nLF;TetraCon 925-P; 16201702;
Multi 3620 IDS; 22490970;4;09.08.2024 15:01:27;1.4;µS/cm;Cond;-0.1;°C;Temp;AR;;C = 0.475 1/cm   Tref25   nLF;TetraCon 925-P; 16201702;
Multi 3620 IDS; 22490970;4;09.08.2024 15:01:32;1.4;µS/cm;Cond;-0.1;°C;Temp;AR;;C = 0.475 1/cm   Tref25   nLF;TetraCon 925-P; 16201702;
Multi 3620 IDS; 22490970;4;09.08.2024 15:01:37;1.4;µS/cm;Cond;-0.1;°C;Temp;AR;;C = 0.475 1/cm   Tref25   nLF;TetraCon 925-P; 16201702;
Multi 3620 IDS; 22490970;4;09.08.2024 15:01:42;1.4;µS/cm;Cond;-0.1;°C;Temp;AR;;C = 0.475 1/cm   Tref25   nLF;TetraCon 925-P; 16201702;
Multi 3620 IDS; 22490970;4;09.08.2024 15:01:47;1.4;µS/cm;Cond;-0.1;°C;Temp;AR;;C = 0.475 1/cm   Tref25   nLF;TetraCon 925-P; 16201702;
Multi 3620 IDS; 22490970;4;09.08.2024 15:01:52;1.4;µS/cm;Cond;-0.1;°C;Temp;AR;;C = 0.475 1/cm   Tref25   nLF;TetraCon 925-P; 16201702;
Multi 3620 IDS; 22490970;4;09.08.2024 15:01:57;1.4;µS/cm;Cond;-0.1;°C;Temp;AR;;C = 0.475 1/cm   Tref25   nLF;TetraCon 925-P; 16201702;
Multi 3620 IDS; 22490970;4;09.08.2024 15:02:02;1.4;µS/cm;Cond;-0.1;°C;Temp;AR;;C = 0.475 1/cm   Tref25   nLF;TetraCon 925-P; 16201702;
Multi 3620 IDS; 22490970;4;09.08.2024 15:02:07;1.4;µS/cm;Cond;-0.1;°C;Temp;AR;;C = 0.475 1/cm   Tref25   nLF;TetraCon 925-P; 16201702;
Multi 3620 IDS; 22490970;4;09.08.2024 15:02:12;1.4;µS/cm;Cond;-0.1;°C;Temp;AR;;C = 0.475 1/cm   Tref25   nLF;TetraCon 925-P; 16201702;
Multi 3620 IDS; 22490970;4;09.08.2024 15:02:17;1.4;µS/cm;Cond;-0.1;°C;Temp;AR;;C = 0.475 1/cm   Tref25   nLF;TetraCon 925-P; 16201702;
Multi 3620 IDS; 22490970;4;09.08.2024 15:02:22;1.4;µS/cm;Cond;-0.1;°C;Temp;AR;;C = 0.475 1/cm   Tref25   nLF;TetraCon 925-P; 16201702;
Multi 3620 IDS; 22490970;4;09.08.2024 15:02:27;1.4;µS/cm;Cond;-0.1;°C;Temp;AR;;C = 0.475 1/cm   Tref25   nLF;TetraCon 925-P; 16201702;
Multi 3620 IDS; 22490970;4;09.08.2024 15:39:52;1.3;µS/cm;Cond;-0.0;°C;Temp;AR;;C = 0.475 1/cm   Tref25   nLF;TetraCon 925-P; 16201702;
Multi 3620 IDS; 22490970;4;09.08.2024 15:39:57;1.3;µS/cm;Cond;-0.0;°C;Temp;AR;;C = 0.475 1/cm   Tref25   nLF;TetraCon 925-P; 16201702;
Multi 3620 IDS; 22490970;4;09.08.2024 15:40:02;1.3;µS/cm;Cond;-0.0;°C;Temp;AR;;C = 0.475 1/cm   Tref25   nLF;TetraCon 925-P; 16201702;
Multi 3620 IDS; 22490970;4;09.08.2024 15:40:07;1.3;µS/cm;Cond;-0.0;°C;Temp;AR;;C = 0.475 1/cm   Tref25   nLF;TetraCon 925-P; 16201702;
Multi 3620 IDS; 22490970;4;09.08.2024 15:40:12;1.3;µS/cm;Cond;-0.0;°C;Temp;AR;;C = 0.475 1/cm   Tref25   nLF;TetraCon 925-P; 16201702;
Multi 3620 IDS; 22490970;4;09.08.2024 15:40:17;1.3;µS/cm;Cond;-0.0;°C;Temp;AR;;C = 0.475 1/cm   Tref25   nLF;TetraCon 925-P; 16201702;
Multi 3620 IDS; 22490970;4;09.08.2024 15:40:22;16.5;µS/cm;Cond;-0.0;°C;Temp;;;C = 0.475 1/cm   Tref25   nLF;TetraCon 925-P; 16201702;
Multi 3620 IDS; 22490970;4;09.08.2024 15:40:27;121.9;µS/cm;Cond;-0.0;°C;Temp;;;C = 0.475 1/cm   Tref25   nLF;TetraCon 925-P; 16201702;
Multi 3620 IDS; 22490970;4;09.08.2024 15:40:32;47.6;µS/cm;Cond;-0.0;°C;Temp;;;C = 0.475 1/cm   Tref25   nLF;TetraCon 925-P; 16201702;
Multi 3620 IDS; 22490970;4;09.08.2024 15:40:37;20.1;µS/cm;Cond;-0.0;°C;Temp;;;C = 0.475 1/cm   Tref25   nLF;TetraCon 925-P; 16201702;
Multi 3620 IDS; 22490970;4;09.08.2024 15:40:42;6.7;µS/cm;Cond;-0.0;°C;Temp;;;C = 0.475 1/cm   Tref25   nLF;TetraCon 925-P; 16201702;
Multi 3620 IDS; 22490970;4;09.08.2024 15:40:47;3.0;µS/cm;Cond;-0.0;°C;Temp;;;C = 0.475 1/cm   Tref25   nLF;TetraCon 925-P; 16201702;
Multi 3620 IDS; 22490970;4;09.08.2024 15:40:52;2.0;µS/cm;Cond;-0.0;°C;Temp;;;C = 0.475 1/cm   Tref25   nLF;TetraCon 925-P; 16201702;
Multi 3620 IDS; 22490970;4;09.08.2024 15:40:57;1.6;µS/cm;Cond;-0.0;°C;Temp;;;C = 0.475 1/cm   Tref25   nLF;TetraCon 925-P; 16201702;
Multi 3620 IDS; 22490970;4;09.08.2024 15:41:02;1.5;µS/cm;Cond;-0.0;°C;Temp;;;C = 0.475 1/cm   Tref25   nLF;TetraCon 925-P; 16201702;
Multi 3620 IDS; 22490970;4;09.08.2024 15:41:07;1.4;µS/cm;Cond;-0.0;°C;Temp;;;C = 0.475 1/cm   Tref25   nLF;TetraCon 925-P; 16201702;
Multi 3620 IDS; 22490970;4;09.08.2024 15:41:12;1.4;µS/cm;Cond;-0.0;°C;Temp;AR;;C = 0.475 1/cm   Tref25   nLF;TetraCon 925-P; 16201702;
Multi 3620 IDS; 22490970;4;09.08.2024 15:41:17;1.4;µS/cm;Cond;-0.0;°C;Temp;AR;;C = 0.475 1/cm   Tref25   nLF;TetraCon 925-P; 16201702;
Multi 3620 IDS; 22490970;4;09.08.2024 15:41:22;1.4;µS/cm;Cond;-0.0;°C;Temp;AR;;C = 0.475 1/cm   Tref25   nLF;TetraCon 925-P; 16201702;
Multi 3620 IDS; 22490970;4;09.08.2024 15:41:27;1.4;µS/cm;Cond;-0.0;°C;Temp;AR;;C = 0.475 1/cm   Tref25   nLF;TetraCon 925-P; 16201702;
Multi 3620 IDS; 22490970;4;09.08.2024 15:41:32;1.4;µS/cm;Cond;-0.0;°C;Temp;AR;;C = 0.475 1/cm   Tref25   nLF;TetraCon 925-P; 16201702;
Multi 3620 IDS; 22490970;4;09.08.2024 15:41:37;1.4;µS/cm;Cond;-0.0;°C;Temp;AR;;C = 0.475 1/cm   Tref25   nLF;TetraCon 925-P; 16201702;
Multi 3620 IDS; 22490970;4;09.08.2024 15:41:42;1.4;µS/cm;Cond;-0.0;°C;Temp;AR;;C = 0.475 1/cm   Tref25   nLF;TetraCon 925-P; 16201702;
Multi 3620 IDS; 22490970;4;09.08.2024 15:41:47;1.4;µS/cm;Cond;-0.0;°C;Temp;AR;;C = 0.475 1/cm   Tref25   nLF;TetraCon 925-P; 16201702;
Multi 3620 IDS; 22490970;4;09.08.2024 15:41:52;1.4;µS/cm;Cond;-0.0;°C;Temp;AR;;C = 0.475 1/cm   Tref25   nLF;TetraCon 925-P; 16201702;
Multi 3620 IDS; 22490970;4;09.08.2024 16:24:50;1.4;µS/cm;Cond;-0.1;°C;Temp;AR;;C = 0.475 1/cm   Tref25   nLF;TetraCon 925-P; 16201702;
Multi 3620 IDS; 22490970;4;09.08.2024 16:24:55;1.4;µS/cm;Cond;-0.1;°C;Temp;AR;;C = 0.475 1/cm   Tref25   nLF;TetraCon 925-P; 16201702;
Multi 3620 IDS; 22490970;4;09.08.2024 16:25:00;1.3;µS/cm;Cond;-0.1;°C;Temp;AR;;C = 0.475 1/cm   Tref25   nLF;TetraCon 925-P; 16201702;
Multi 3620 IDS; 22490970;4;09.08.2024 16:25:05;1.4;µS/cm;Cond;-0.1;°C;Temp;AR;;C = 0.475 1/cm   Tref25   nLF;TetraCon 925-P; 16201702;
Multi 3620 IDS; 22490970;4;09.08.2024 16:25:10;1.3;µS/cm;Cond;-0.1;°C;Temp;AR;;C = 0.475 1/cm   Tref25   nLF;TetraCon 925-P; 16201702;
Multi 3620 IDS; 22490970;4;09.08.2024 16:25:15;1.3;µS/cm;Cond;-0.1;°C;Temp;AR;;C = 0.475 1/cm   Tref25   nLF;TetraCon 925-P; 16201702;
Multi 3620 IDS; 22490970;4;09.08.2024 16:25:20;1.4;µS/cm;Cond;-0.1;°C;Temp;AR;;C = 0.475 1/cm   Tref25   nLF;TetraCon 925-P; 16201702;
Multi 3620 IDS; 22490970;4;09.08.2024 16:25:25;1.3;µS/cm;Cond;-0.1;°C;Temp;AR;;C = 0.475 1/cm   Tref25   nLF;TetraCon 925-P; 16201702;
Multi 3620 IDS; 22490970;4;09.08.2024 16:25:30;3.1;µS/cm;Cond;-0.1;°C;Temp;;;C = 0.475 1/cm   Tref25   nLF;TetraCon 925-P; 16201702;
Multi 3620 IDS; 22490970;4;09.08.2024 16:25:35;50.6;µS/cm;Cond;-0.1;°C;Temp;;;C = 0.475 1/cm   Tref25   nLF;TetraCon 925-P; 16201702;
Multi 3620 IDS; 22490970;4;09.08.2024 16:25:40;66.4;µS/cm;Cond;-0.1;°C;Temp;;;C = 0.475 1/cm   Tref25   nLF;TetraCon 925-P; 16201702;
Multi 3620 IDS; 22490970;4;09.08.2024 16:25:45;47.4;µS/cm;Cond;-0.1;°C;Temp;;;C = 0.475 1/cm   Tref25   nLF;TetraCon 925-P; 16201702;
Multi 3620 IDS; 22490970;4;09.08.2024 16:25:50;25.4;µS/cm;Cond;-0.1;°C;Temp;;;C = 0.475 1/cm   Tref25   nLF;TetraCon 925-P; 16201702;
Multi 3620 IDS; 22490970;4;09.08.2024 16:25:55;14.4;µS/cm;Cond;-0.1;°C;Temp;;;C = 0.475 1/cm   Tref25   nLF;TetraCon 925-P; 16201702;
Multi 3620 IDS; 22490970;4;09.08.2024 16:26:00;7.6;µS/cm;Cond;-0.1;°C;Temp;;;C = 0.475 1/cm   Tref25   nLF;TetraCon 925-P; 16201702;
Multi 3620 IDS; 22490970;4;09.08.2024 16:26:05;4.6;µS/cm;Cond;-0.1;°C;Temp;;;C = 0.475 1/cm   Tref25   nLF;TetraCon 925-P; 16201702;
Multi 3620 IDS; 22490970;4;09.08.2024 16:26:10;3.2;µS/cm;Cond;-0.1;°C;Temp;;;C = 0.475 1/cm   Tref25   nLF;TetraCon 925-P; 16201702;
Multi 3620 IDS; 22490970;4;09.08.2024 16:26:15;2.3;µS/cm;Cond;-0.1;°C;Temp;;;C = 0.475 1/cm   Tref25   nLF;TetraCon 925-P; 16201702;
Multi 3620 IDS; 22490970;4;09.08.2024 16:26:20;2.0;µS/cm;Cond;-0.1;°C;Temp;;;C = 0.475 1/cm   Tref25   nLF;TetraCon 925-P; 16201702;
Multi 3620 IDS; 22490970;4;09.08.2024 16:26:25;1.7;µS/cm;Cond;-0.1;°C;Temp;;;C = 0.475 1/cm   Tref25   nLF;TetraCon 925-P; 16201702;
Multi 3620 IDS; 22490970;4;09.08.2024 16:26:30;1.6;µS/cm;Cond;-0.1;°C;Temp;;;C = 0.475 1/cm   Tref25   nLF;TetraCon 925-P; 16201702;
Multi 3620 IDS; 22490970;4;09.08.2024 16:26:35;1.5;µS/cm;Cond;-0.1;°C;Temp;;;C = 0.475 1/cm   Tref25   nLF;TetraCon 925-P; 16201702;
Multi 3620 IDS; 22490970;4;09.08.2024 16:26:40;1.5;µS/cm;Cond;-0.1;°C;Temp;;;C = 0.475 1/cm   Tref25   nLF;TetraCon 925-P; 16201702;
Multi 3620 IDS; 22490970;4;09.08.2024 16:26:45;1.4;µS/cm;Cond;-0.1;°C;Temp;;;C = 0.475 1/cm   Tref25   nLF;TetraCon 925-P; 16201702;
Multi 3620 IDS; 22490970;4;09.08.2024 16:26:50;1.4;µS/cm;Cond;-0.1;°C;Temp;AR;;C = 0.475 1/cm   Tref25   nLF;TetraCon 925-P; 16201702;
Multi 3620 IDS; 22490970;4;09.08.2024 16:26:55;1.4;µS/cm;Cond;-0.1;°C;Temp;AR;;C = 0.475 1/cm   Tref25   nLF;TetraCon 925-P; 16201702;
Multi 3620 IDS; 22490970;4;09.08.2024 16:27:00;1.4;µS/cm;Cond;-0.1;°C;Temp;AR;;C = 0.475 1/cm   Tref25   nLF;TetraCon 925-P; 16201702;
Multi 3620 IDS; 22490970;4;09.08.2024 16:27:05;1.4;µS/cm;Cond;-0.1;°C;Temp;AR;;C = 0.475 1/cm   Tref25   nLF;TetraCon 925-P; 16201702;
Multi 3620 IDS; 22490970;4;09.08.2024 16:27:10;1.4;µS/cm;Cond;-0.1;°C;Temp;AR;;C = 0.475 1/cm   Tref25   nLF;TetraCon 925-P; 16201702;
Multi 3620 IDS; 22490970;4;09.08.2024 16:27:15;1.4;µS/cm;Cond;-0.1;°C;Temp;AR;;C = 0.475 1/cm   Tref25   nLF;TetraCon 925-P; 16201702;
Multi 3620 IDS; 22490970;4;09.08.2024 16:27:20;1.4;µS/cm;Cond;-0.1;°C;Temp;AR;;C = 0.475 1/cm   Tref25   nLF;TetraCon 925-P; 16201702;
Multi 3620 IDS; 22490970;4;09.08.2024 16:27:25;1.4;µS/cm;Cond;-0.1;°C;Temp;AR;;C = 0.475 1/cm   Tref25   nLF;TetraCon 925-P; 16201702;
Multi 3620 IDS; 22490970;4;09.08.2024 16:27:30;1.4;µS/cm;Cond;-0.1;°C;Temp;AR;;C = 0.475 1/cm   Tref25   nLF;TetraCon 925-P; 16201702;
Multi 3620 IDS; 22490970;4;09.08.2024 16:27:35;1.4;µS/cm;Cond;-0.1;°C;Temp;AR;;C = 0.475 1/cm   Tref25   nLF;TetraCon 925-P; 16201702;
Multi 3620 IDS; 22490970;4;09.08.2024 16:27:40;1.4;µS/cm;Cond;-0.1;°C;Temp;AR;;C = 0.475 1/cm   Tref25   nLF;TetraCon 925-P; 16201702;
Multi 3620 IDS; 22490970;4;09.08.2024 16:27:45;1.4;µS/cm;Cond;-0.1;°C;Temp;AR;;C = 0.475 1/cm   Tref25   nLF;TetraCon 925-P; 16201702;
Multi 3620 IDS; 22490970;4;09.08.2024 16:27:50;1.4;µS/cm;Cond;-0.1;°C;Temp;AR;;C = 0.475 1/cm   Tref25   nLF;TetraCon 925-P; 16201702;
Multi 3620 IDS; 22490970;4;11.08.2024 09:18:18;1.4;µS/cm;Cond;-0.1;°C;Temp;AR;;C = 0.475 1/cm   Tref25   nLF;TetraCon 925-P; 16201702;
Multi 3620 IDS; 22490970;4;11.08.2024 09:18:23;1.4;µS/cm;Cond;-0.1;°C;Temp;AR;;C = 0.475 1/cm   Tref25   nLF;TetraCon 925-P; 16201702;
Multi 3620 IDS; 22490970;4;11.08.2024 09:18:28;1.4;µS/cm;Cond;-0.1;°C;Temp;AR;;C = 0.475 1/cm   Tref25   nLF;TetraCon 925-P; 16201702;
Multi 3620 IDS; 22490970;4;11.08.2024 09:18:33;1.4;µS/cm;Cond;-0.1;°C;Temp;AR;;C = 0.475 1/cm   Tref25   nLF;TetraCon 925-P; 16201702;
Multi 3620 IDS; 22490970;4;11.08.2024 09:18:38;1.4;µS/cm;Cond;-0.1;°C;Temp;AR;;C = 0.475 1/cm   Tref25   nLF;TetraCon 925-P; 16201702;
Multi 3620 IDS; 22490970;4;11.08.2024 09:18:43;1.4;µS/cm;Cond;-0.1;°C;Temp;AR;;C = 0.475 1/cm   Tref25   nLF;TetraCon 925-P; 16201702;
Multi 3620 IDS; 22490970;4;11.08.2024 09:18:48;1.4;µS/cm;Cond;-0.1;°C;Temp;AR;;C = 0.475 1/cm   Tref25   nLF;TetraCon 925-P; 16201702;
Multi 3620 IDS; 22490970;4;11.08.2024 09:18:53;1.4;µS/cm;Cond;-0.1;°C;Temp;AR;;C = 0.475 1/cm   Tref25   nLF;TetraCon 925-P; 16201702;
Multi 3620 IDS; 22490970;4;11.08.2024 09:18:58;1.4;µS/cm;Cond;-0.1;°C;Temp;AR;;C = 0.475 1/cm   Tref25   nLF;TetraCon 925-P; 16201702;
Multi 3620 IDS; 22490970;4;11.08.2024 09:19:03;1.4;µS/cm;Cond;-0.1;°C;Temp;AR;;C = 0.475 1/cm   Tref25   nLF;TetraCon 925-P; 16201702;
Multi 3620 IDS; 22490970;4;11.08.2024 09:19:08;1.4;µS/cm;Cond;-0.1;°C;Temp;AR;;C = 0.475 1/cm   Tref25   nLF;TetraCon 925-P; 16201702;
Multi 3620 IDS; 22490970;4;11.08.2024 09:19:13;1.4;µS/cm;Cond;-0.1;°C;Temp;AR;;C = 0.475 1/cm   Tref25   nLF;TetraCon 925-P; 16201702;
Multi 3620 IDS; 22490970;4;11.08.2024 09:19:18;1.4;µS/cm;Cond;-0.1;°C;Temp;AR;;C = 0.475 1/cm   Tref25   nLF;TetraCon 925-P; 16201702;
Multi 3620 IDS; 22490970;4;11.08.2024 09:19:23;1.4;µS/cm;Cond;-0.1;°C;Temp;AR;;C = 0.475 1/cm   Tref25   nLF;TetraCon 925-P; 16201702;
Multi 3620 IDS; 22490970;4;11.08.2024 09:19:28;1.4;µS/cm;Cond;-0.1;°C;Temp;AR;;C = 0.475 1/cm   Tref25   nLF;TetraCon 925-P; 16201702;
Multi 3620 IDS; 22490970;4;11.08.2024 09:19:33;1.4;µS/cm;Cond;-0.1;°C;Temp;AR;;C = 0.475 1/cm   Tref25   nLF;TetraCon 925-P; 16201702;
Multi 3620 IDS; 22490970;4;11.08.2024 09:19:38;1.4;µS/cm;Cond;-0.1;°C;Temp;AR;;C = 0.475 1/cm   Tref25   nLF;TetraCon 925-P; 16201702;
Multi 3620 IDS; 22490970;4;11.08.2024 09:19:43;1.4;µS/cm;Cond;-0.1;°C;Temp;AR;;C = 0.475 1/cm   Tref25   nLF;TetraCon 925-P; 16201702;
Multi 3620 IDS; 22490970;4;11.08.2024 09:19:48;1.4;µS/cm;Cond;-0.1;°C;Temp;AR;;C = 0.475 1/cm   Tref25   nLF;TetraCon 925-P; 16201702;
Multi 3620 IDS; 22490970;4;11.08.2024 09:19:53;1.5;µS/cm;Cond;-0.1;°C;Temp;AR;;C = 0.475 1/cm   Tref25   nLF;TetraCon 925-P; 16201702;
Multi 3620 IDS; 22490970;4;11.08.2024 09:19:58;2.4;µS/cm;Cond;-0.1;°C;Temp;;;C = 0.475 1/cm   Tref25   nLF;TetraCon 925-P; 16201702;
Multi 3620 IDS; 22490970;4;11.08.2024 09:20:03;6.5;µS/cm;Cond;-0.1;°C;Temp;;;C = 0.475 1/cm   Tref25   nLF;TetraCon 925-P; 16201702;
Multi 3620 IDS; 22490970;4;11.08.2024 09:20:08;19.2;µS/cm;Cond;-0.1;°C;Temp;;;C = 0.475 1/cm   Tref25   nLF;TetraCon 925-P; 16201702;
Multi 3620 IDS; 22490970;4;11.08.2024 09:20:13;46.6;µS/cm;Cond;-0.1;°C;Temp;;;C = 0.475 1/cm   Tref25   nLF;TetraCon 925-P; 16201702;
Multi 3620 IDS; 22490970;4;11.08.2024 09:20:18;71.8;µS/cm;Cond;-0.1;°C;Temp;;;C = 0.475 1/cm   Tref25   nLF;TetraCon 925-P; 16201702;
Multi 3620 IDS; 22490970;4;11.08.2024 09:20:23;110.1;µS/cm;Cond;-0.1;°C;Temp;;;C = 0.475 1/cm   Tref25   nLF;TetraCon 925-P; 16201702;
Multi 3620 IDS; 22490970;4;11.08.2024 09:20:28;121.9;µS/cm;Cond;-0.1;°C;Temp;;;C = 0.475 1/cm   Tref25   nLF;TetraCon 925-P; 16201702;
Multi 3620 IDS; 22490970;4;11.08.2024 09:20:33;126.2;µS/cm;Cond;-0.1;°C;Temp;;;C = 0.475 1/cm   Tref25   nLF;TetraCon 925-P; 16201702;
Multi 3620 IDS; 22490970;4;11.08.2024 09:20:38;121.1;µS/cm;Cond;-0.1;°C;Temp;;;C = 0.475 1/cm   Tref25   nLF;TetraCon 925-P; 16201702;
Multi 3620 IDS; 22490970;4;11.08.2024 09:20:43;111.8;µS/cm;Cond;-0.1;°C;Temp;;;C = 0.475 1/cm   Tref25   nLF;TetraCon 925-P; 16201702;
Multi 3620 IDS; 22490970;4;11.08.2024 09:20:48;99.0;µS/cm;Cond;-0.1;°C;Temp;;;C = 0.475 1/cm   Tref25   nLF;TetraCon 925-P; 16201702;
Multi 3620 IDS; 22490970;4;11.08.2024 09:20:53;87.5;µS/cm;Cond;-0.1;°C;Temp;;;C = 0.475 1/cm   Tref25   nLF;TetraCon 925-P; 16201702;
Multi 3620 IDS; 22490970;4;11.08.2024 09:20:58;73.5;µS/cm;Cond;-0.1;°C;Temp;;;C = 0.475 1/cm   Tref25   nLF;TetraCon 925-P; 16201702;
Multi 3620 IDS; 22490970;4;11.08.2024 09:21:03;63.4;µS/cm;Cond;-0.1;°C;Temp;;;C = 0.475 1/cm   Tref25   nLF;TetraCon 925-P; 16201702;
Multi 3620 IDS; 22490970;4;11.08.2024 09:21:08;51.7;µS/cm;Cond;-0.1;°C;Temp;;;C = 0.475 1/cm   Tref25   nLF;TetraCon 925-P; 16201702;
Multi 3620 IDS; 22490970;4;11.08.2024 09:21:13;42.9;µS/cm;Cond;-0.1;°C;Temp;;;C = 0.475 1/cm   Tref25   nLF;TetraCon 925-P; 16201702;
Multi 3620 IDS; 22490970;4;11.08.2024 09:21:18;35.7;µS/cm;Cond;-0.1;°C;Temp;;;C = 0.475 1/cm   Tref25   nLF;TetraCon 925-P; 16201702;
Multi 3620 IDS; 22490970;4;11.08.2024 09:21:23;30.9;µS/cm;Cond;-0.1;°C;Temp;;;C = 0.475 1/cm   Tref25   nLF;TetraCon 925-P; 16201702;
Multi 3620 IDS; 22490970;4;11.08.2024 09:21:28;25.1;µS/cm;Cond;-0.1;°C;Temp;;;C = 0.475 1/cm   Tref25   nLF;TetraCon 925-P; 16201702;
Multi 3620 IDS; 22490970;4;11.08.2024 09:21:33;22.0;µS/cm;Cond;-0.1;°C;Temp;;;C = 0.475 1/cm   Tref25   nLF;TetraCon 925-P; 16201702;
Multi 3620 IDS; 22490970;4;11.08.2024 09:21:38;18.2;µS/cm;Cond;-0.1;°C;Temp;;;C = 0.475 1/cm   Tref25   nLF;TetraCon 925-P; 16201702;
Multi 3620 IDS; 22490970;4;11.08.2024 09:21:43;15.5;µS/cm;Cond;-0.1;°C;Temp;;;C = 0.475 1/cm   Tref25   nLF;TetraCon 925-P; 16201702;
Multi 3620 IDS; 22490970;4;11.08.2024 09:21:48;12.8;µS/cm;Cond;-0.1;°C;Temp;;;C = 0.475 1/cm   Tref25   nLF;TetraCon 925-P; 16201702;
Multi 3620 IDS; 22490970;4;11.08.2024 09:21:53;11.4;µS/cm;Cond;-0.1;°C;Temp;;;C = 0.475 1/cm   Tref25   nLF;TetraCon 925-P; 16201702;
Multi 3620 IDS; 22490970;4;11.08.2024 09:21:58;9.8;µS/cm;Cond;-0.1;°C;Temp;;;C = 0.475 1/cm   Tref25   nLF;TetraCon 925-P; 16201702;
Multi 3620 IDS; 22490970;4;11.08.2024 09:22:03;8.2;µS/cm;Cond;-0.1;°C;Temp;;;C = 0.475 1/cm   Tref25   nLF;TetraCon 925-P; 16201702;
Multi 3620 IDS; 22490970;4;11.08.2024 09:22:08;7.3;µS/cm;Cond;-0.1;°C;Temp;;;C = 0.475 1/cm   Tref25   nLF;TetraCon 925-P; 16201702;
Multi 3620 IDS; 22490970;4;11.08.2024 09:22:13;6.6;µS/cm;Cond;-0.1;°C;Temp;;;C = 0.475 1/cm   Tref25   nLF;TetraCon 925-P; 16201702;
Multi 3620 IDS; 22490970;4;11.08.2024 09:22:18;5.5;µS/cm;Cond;-0.1;°C;Temp;;;C = 0.475 1/cm   Tref25   nLF;TetraCon 925-P; 16201702;
Multi 3620 IDS; 22490970;4;11.08.2024 09:22:28;4.4;µS/cm;Cond;-0.1;°C;Temp;;;C = 0.475 1/cm   Tref25   nLF;TetraCon 925-P; 16201702;
Multi 3620 IDS; 22490970;4;11.08.2024 09:22:33;4.0;µS/cm;Cond;-0.1;°C;Temp;;;C = 0.475 1/cm   Tref25   nLF;TetraCon 925-P; 16201702;
Multi 3620 IDS; 22490970;4;11.08.2024 09:22:38;3.8;µS/cm;Cond;-0.1;°C;Temp;;;C = 0.475 1/cm   Tref25   nLF;TetraCon 925-P; 16201702;
Multi 3620 IDS; 22490970;4;11.08.2024 09:22:43;3.5;µS/cm;Cond;-0.1;°C;Temp;;;C = 0.475 1/cm   Tref25   nLF;TetraCon 925-P; 16201702;
Multi 3620 IDS; 22490970;4;11.08.2024 09:22:48;3.2;µS/cm;Cond;-0.1;°C;Temp;;;C = 0.475 1/cm   Tref25   nLF;TetraCon 925-P; 16201702;
Multi 3620 IDS; 22490970;4;11.08.2024 09:22:53;3.0;µS/cm;Cond;-0.1;°C;Temp;;;C = 0.475 1/cm   Tref25   nLF;TetraCon 925-P; 16201702;
Multi 3620 IDS; 22490970;4;11.08.2024 09:22:58;2.8;µS/cm;Cond;-0.1;°C;Temp;;;C = 0.475 1/cm   Tref25   nLF;TetraCon 925-P; 16201702;
Multi 3620 IDS; 22490970;4;11.08.2024 09:23:03;2.7;µS/cm;Cond;-0.1;°C;Temp;;;C = 0.475 1/cm   Tref25   nLF;TetraCon 925-P; 16201702;
Multi 3620 IDS; 22490970;4;11.08.2024 09:23:08;2.5;µS/cm;Cond;-0.1;°C;Temp;;;C = 0.475 1/cm   Tref25   nLF;TetraCon 925-P; 16201702;
Multi 3620 IDS; 22490970;4;11.08.2024 09:23:13;2.4;µS/cm;Cond;-0.1;°C;Temp;;;C = 0.475 1/cm   Tref25   nLF;TetraCon 925-P; 16201702;
Multi 3620 IDS; 22490970;4;11.08.2024 09:23:18;2.3;µS/cm;Cond;-0.1;°C;Temp;;;C = 0.475 1/cm   Tref25   nLF;TetraCon 925-P; 16201702;
Multi 3620 IDS; 22490970;4;11.08.2024 09:23:23;2.3;µS/cm;Cond;-0.1;°C;Temp;;;C = 0.475 1/cm   Tref25   nLF;TetraCon 925-P; 16201702;
Multi 3620 IDS; 22490970;4;11.08.2024 09:23:28;2.2;µS/cm;Cond;-0.1;°C;Temp;;;C = 0.475 1/cm   Tref25   nLF;TetraCon 925-P; 16201702;
Multi 3620 IDS; 22490970;4;11.08.2024 09:23:33;2.1;µS/cm;Cond;-0.1;°C;Temp;;;C = 0.475 1/cm   Tref25   nLF;TetraCon 925-P; 16201702;
Multi 3620 IDS; 22490970;4;11.08.2024 09:23:38;2.1;µS/cm;Cond;-0.1;°C;Temp;AR;;C = 0.475 1/cm   Tref25   nLF;TetraCon 925-P; 16201702;
Multi 3620 IDS; 22490970;4;11.08.2024 09:23:43;2.0;µS/cm;Cond;-0.1;°C;Temp;;;C = 0.475 1/cm   Tref25   nLF;TetraCon 925-P; 16201702;
Multi 3620 IDS; 22490970;4;11.08.2024 09:23:48;2.0;µS/cm;Cond;-0.1;°C;Temp;AR;;C = 0.475 1/cm   Tref25   nLF;TetraCon 925-P; 16201702;
Multi 3620 IDS; 22490970;4;11.08.2024 09:23:53;1.9;µS/cm;Cond;-0.1;°C;Temp;;;C = 0.475 1/cm   Tref25   nLF;TetraCon 925-P; 16201702;
Multi 3620 IDS; 22490970;4;11.08.2024 09:23:58;1.9;µS/cm;Cond;-0.1;°C;Temp;AR;;C = 0.475 1/cm   Tref25   nLF;TetraCon 925-P; 16201702;
Multi 3620 IDS; 22490970;4;11.08.2024 09:24:03;1.9;µS/cm;Cond;-0.1;°C;Temp;AR;;C = 0.475 1/cm   Tref25   nLF;TetraCon 925-P; 16201702;
Multi 3620 IDS; 22490970;4;11.08.2024 09:24:08;1.8;µS/cm;Cond;-0.1;°C;Temp;AR;;C = 0.475 1/cm   Tref25   nLF;TetraCon 925-P; 16201702;
Multi 3620 IDS; 22490970;4;11.08.2024 09:24:13;1.8;µS/cm;Cond;-0.1;°C;Temp;AR;;C = 0.475 1/cm   Tref25   nLF;TetraCon 925-P; 16201702;
Multi 3620 IDS; 22490970;4;11.08.2024 09:24:18;1.8;µS/cm;Cond;-0.1;°C;Temp;AR;;C = 0.475 1/cm   Tref25   nLF;TetraCon 925-P; 16201702;
Multi 3620 IDS; 22490970;4;11.08.2024 09:24:23;1.8;µS/cm;Cond;-0.1;°C;Temp;AR;;C = 0.475 1/cm   Tref25   nLF;TetraCon 925-P; 16201702;
Multi 3620 IDS; 22490970;4;11.08.2024 09:24:28;1.7;µS/cm;Cond;-0.1;°C;Temp;AR;;C = 0.475 1/cm   Tref25   nLF;TetraCon 925-P; 16201702;
Multi 3620 IDS; 22490970;4;11.08.2024 09:24:33;1.7;µS/cm;Cond;-0.1;°C;Temp;AR;;C = 0.475 1/cm   Tref25   nLF;TetraCon 925-P; 16201702;
Multi 3620 IDS; 22490970;4;11.08.2024 09:24:38;1.7;µS/cm;Cond;-0.1;°C;Temp;AR;;C = 0.475 1/cm   Tref25   nLF;TetraCon 925-P; 16201702;
Multi 3620 IDS; 22490970;4;11.08.2024 09:24:43;1.7;µS/cm;Cond;-0.1;°C;Temp;AR;;C = 0.475 1/cm   Tref25   nLF;TetraCon 925-P; 16201702;
Multi 3620 IDS; 22490970;4;11.08.2024 09:24:48;1.7;µS/cm;Cond;-0.1;°C;Temp;AR;;C = 0.475 1/cm   Tref25   nLF;TetraCon 925-P; 16201702;
Multi 3620 IDS; 22490970;4;11.08.2024 09:24:53;1.7;µS/cm;Cond;-0.1;°C;Temp;AR;;C = 0.475 1/cm   Tref25   nLF;TetraCon 925-P; 16201702;
Multi 3620 IDS; 22490970;4;11.08.2024 09:24:58;1.7;µS/cm;Cond;-0.1;°C;Temp;AR;;C = 0.475 1/cm   Tref25   nLF;TetraCon 925-P; 16201702;
Multi 3620 IDS; 22490970;4;11.08.2024 09:25:03;1.6;µS/cm;Cond;-0.1;°C;Temp;AR;;C = 0.475 1/cm   Tref25   nLF;TetraCon 925-P; 16201702;
Multi 3620 IDS; 22490970;4;11.08.2024 09:25:08;1.6;µS/cm;Cond;-0.1;°C;Temp;AR;;C = 0.475 1/cm   Tref25   nLF;TetraCon 925-P; 16201702;
Multi 3620 IDS; 22490970;4;11.08.2024 09:25:13;1.6;µS/cm;Cond;-0.1;°C;Temp;AR;;C = 0.475 1/cm   Tref25   nLF;TetraCon 925-P; 16201702;
Multi 3620 IDS; 22490970;4;11.08.2024 09:25:18;1.6;µS/cm;Cond;-0.1;°C;Temp;AR;;C = 0.475 1/cm   Tref25   nLF;TetraCon 925-P; 16201702;
Multi 3620 IDS; 22490970;4;11.08.2024 09:25:23;1.6;µS/cm;Cond;-0.1;°C;Temp;AR;;C = 0.475 1/cm   Tref25   nLF;TetraCon 925-P; 16201702;
Multi 3620 IDS; 22490970;4;11.08.2024 09:25:28;1.6;µS/cm;Cond;-0.1;°C;Temp;AR;;C = 0.475 1/cm   Tref25   nLF;TetraCon 925-P; 16201702;
Multi 3620 IDS; 22490970;4;11.08.2024 09:25:33;1.6;µS/cm;Cond;-0.1;°C;Temp;AR;;C = 0.475 1/cm   Tref25   nLF;TetraCon 925-P; 16201702;
Multi 3620 IDS; 22490970;4;11.08.2024 09:25:38;1.6;µS/cm;Cond;-0.1;°C;Temp;AR;;C = 0.475 1/cm   Tref25   nLF;TetraCon 925-P; 16201702;
Multi 3620 IDS; 22490970;4;11.08.2024 09:25:43;1.6;µS/cm;Cond;-0.1;°C;Temp;AR;;C = 0.475 1/cm   Tref25   nLF;TetraCon 925-P; 16201702;
Multi 3620 IDS; 22490970;4;11.08.2024 09:25:48;1.6;µS/cm;Cond;-0.1;°C;Temp;AR;;C = 0.475 1/cm   Tref25   nLF;TetraCon 925-P; 16201702;
Multi 3620 IDS; 22490970;4;11.08.2024 09:25:53;1.6;µS/cm;Cond;-0.1;°C;Temp;AR;;C = 0.475 1/cm   Tref25   nLF;TetraCon 925-P; 16201702;
Multi 3620 IDS; 22490970;4;11.08.2024 09:25:58;1.6;µS/cm;Cond;-0.1;°C;Temp;AR;;C = 0.475 1/cm   Tref25   nLF;TetraCon 925-P; 16201702;
Multi 3620 IDS; 22490970;4;11.08.2024 09:26:03;1.6;µS/cm;Cond;-0.1;°C;Temp;AR;;C = 0.475 1/cm   Tref25   nLF;TetraCon 925-P; 16201702;
Multi 3620 IDS; 22490970;4;11.08.2024 09:26:08;1.6;µS/cm;Cond;-0.1;°C;Temp;AR;;C = 0.475 1/cm   Tref25   nLF;TetraCon 925-P; 16201702;
Multi 3620 IDS; 22490970;4;11.08.2024 09:26:13;1.6;µS/cm;Cond;-0.1;°C;Temp;AR;;C = 0.475 1/cm   Tref25   nLF;TetraCon 925-P; 16201702;
Multi 3620 IDS; 22490970;4;11.08.2024 09:26:18;1.6;µS/cm;Cond;-0.1;°C;Temp;AR;;C = 0.475 1/cm   Tref25   nLF;TetraCon 925-P; 16201702;
Multi 3620 IDS; 22490970;4;11.08.2024 09:26:23;1.6;µS/cm;Cond;-0.1;°C;Temp;AR;;C = 0.475 1/cm   Tref25   nLF;TetraCon 925-P; 16201702;
Multi 3620 IDS; 22490970;4;11.08.2024 09:26:28;1.5;µS/cm;Cond;-0.1;°C;Temp;AR;;C = 0.475 1/cm   Tref25   nLF;TetraCon 925-P; 16201702;
Multi 3620 IDS; 22490970;4;11.08.2024 09:26:33;1.5;µS/cm;Cond;-0.1;°C;Temp;AR;;C = 0.475 1/cm   Tref25   nLF;TetraCon 925-P; 16201702;
Multi 3620 IDS; 22490970;4;11.08.2024 12:57:59;1.4;µS/cm;Cond;-0.1;°C;Temp;AR;;C = 0.475 1/cm   Tref25   nLF;TetraCon 925-P; 16201702;
Multi 3620 IDS; 22490970;4;11.08.2024 12:58:04;1.4;µS/cm;Cond;-0.1;°C;Temp;AR;;C = 0.475 1/cm   Tref25   nLF;TetraCon 925-P; 16201702;
Multi 3620 IDS; 22490970;4;11.08.2024 12:58:09;1.4;µS/cm;Cond;-0.1;°C;Temp;AR;;C = 0.475 1/cm   Tref25   nLF;TetraCon 925-P; 16201702;
Multi 3620 IDS; 22490970;4;11.08.2024 12:58:14;1.4;µS/cm;Cond;-0.1;°C;Temp;AR;;C = 0.475 1/cm   Tref25   nLF;TetraCon 925-P; 16201702;
Multi 3620 IDS; 22490970;4;11.08.2024 12:58:19;1.4;µS/cm;Cond;-0.1;°C;Temp;AR;;C = 0.475 1/cm   Tref25   nLF;TetraCon 925-P; 16201702;
Multi 3620 IDS; 22490970;4;11.08.2024 12:58:24;1.4;µS/cm;Cond;-0.1;°C;Temp;AR;;C = 0.475 1/cm   Tref25   nLF;TetraCon 925-P; 16201702;
Multi 3620 IDS; 22490970;4;11.08.2024 12:58:29;1.4;µS/cm;Cond;-0.1;°C;Temp;AR;;C = 0.475 1/cm   Tref25   nLF;TetraCon 925-P; 16201702;
Multi 3620 IDS; 22490970;4;11.08.2024 12:58:34;1.4;µS/cm;Cond;-0.1;°C;Temp;AR;;C = 0.475 1/cm   Tref25   nLF;TetraCon 925-P; 16201702;
Multi 3620 IDS; 22490970;4;11.08.2024 12:58:39;1.4;µS/cm;Cond;-0.1;°C;Temp;AR;;C = 0.475 1/cm   Tref25   nLF;TetraCon 925-P; 16201702;
Multi 3620 IDS; 22490970;4;11.08.2024 12:58:44;1.4;µS/cm;Cond;-0.1;°C;Temp;AR;;C = 0.475 1/cm   Tref25   nLF;TetraCon 925-P; 16201702;
Multi 3620 IDS; 22490970;4;11.08.2024 12:58:49;1.4;µS/cm;Cond;-0.1;°C;Temp;AR;;C = 0.475 1/cm   Tref25   nLF;TetraCon 925-P; 16201702;
Multi 3620 IDS; 22490970;4;11.08.2024 12:58:54;1.4;µS/cm;Cond;-0.1;°C;Temp;AR;;C = 0.475 1/cm   Tref25   nLF;TetraCon 925-P; 16201702;
Multi 3620 IDS; 22490970;4;11.08.2024 12:58:59;1.4;µS/cm;Cond;-0.1;°C;Temp;AR;;C = 0.475 1/cm   Tref25   nLF;TetraCon 925-P; 16201702;
Multi 3620 IDS; 22490970;4;11.08.2024 12:59:04;1.4;µS/cm;Cond;-0.1;°C;Temp;AR;;C = 0.475 1/cm   Tref25   nLF;TetraCon 925-P; 16201702;
Multi 3620 IDS; 22490970;4;11.08.2024 12:59:09;1.4;µS/cm;Cond;-0.1;°C;Temp;AR;;C = 0.475 1/cm   Tref25   nLF;TetraCon 925-P; 16201702;
Multi 3620 IDS; 22490970;4;11.08.2024 12:59:14;1.4;µS/cm;Cond;-0.1;°C;Temp;AR;;C = 0.475 1/cm   Tref25   nLF;TetraCon 925-P; 16201702;
Multi 3620 IDS; 22490970;4;11.08.2024 12:59:19;1.4;µS/cm;Cond;-0.1;°C;Temp;AR;;C = 0.475 1/cm   Tref25   nLF;TetraCon 925-P; 16201702;
Multi 3620 IDS; 22490970;4;11.08.2024 12:59:24;1.4;µS/cm;Cond;-0.1;°C;Temp;AR;;C = 0.475 1/cm   Tref25   nLF;TetraCon 925-P; 16201702;
Multi 3620 IDS; 22490970;4;11.08.2024 12:59:29;1.8;µS/cm;Cond;-0.1;°C;Temp;;;C = 0.475 1/cm   Tref25   nLF;TetraCon 925-P; 16201702;
Multi 3620 IDS; 22490970;4;11.08.2024 12:59:34;10.1;µS/cm;Cond;-0.1;°C;Temp;;;C = 0.475 1/cm   Tref25   nLF;TetraCon 925-P; 16201702;
Multi 3620 IDS; 22490970;4;11.08.2024 12:59:39;33.8;µS/cm;Cond;-0.1;°C;Temp;;;C = 0.475 1/cm   Tref25   nLF;TetraCon 925-P; 16201702;
Multi 3620 IDS; 22490970;4;11.08.2024 12:59:44;31.7;µS/cm;Cond;-0.1;°C;Temp;;;C = 0.475 1/cm   Tref25   nLF;TetraCon 925-P; 16201702;
Multi 3620 IDS; 22490970;4;11.08.2024 12:59:49;29.2;µS/cm;Cond;-0.1;°C;Temp;;;C = 0.475 1/cm   Tref25   nLF;TetraCon 925-P; 16201702;
Multi 3620 IDS; 22490970;4;11.08.2024 12:59:54;23.2;µS/cm;Cond;-0.1;°C;Temp;;;C = 0.475 1/cm   Tref25   nLF;TetraCon 925-P; 16201702;
Multi 3620 IDS; 22490970;4;11.08.2024 12:59:59;17.7;µS/cm;Cond;-0.1;°C;Temp;;;C = 0.475 1/cm   Tref25   nLF;TetraCon 925-P; 16201702;
Multi 3620 IDS; 22490970;4;11.08.2024 13:00:04;12.7;µS/cm;Cond;-0.1;°C;Temp;;;C = 0.475 1/cm   Tref25   nLF;TetraCon 925-P; 16201702;
Multi 3620 IDS; 22490970;4;11.08.2024 13:00:09;9.4;µS/cm;Cond;-0.1;°C;Temp;;;C = 0.475 1/cm   Tref25   nLF;TetraCon 925-P; 16201702;
Multi 3620 IDS; 22490970;4;11.08.2024 13:00:14;6.5;µS/cm;Cond;-0.1;°C;Temp;;;C = 0.475 1/cm   Tref25   nLF;TetraCon 925-P; 16201702;
Multi 3620 IDS; 22490970;4;11.08.2024 13:00:19;5.2;µS/cm;Cond;-0.1;°C;Temp;;;C = 0.475 1/cm   Tref25   nLF;TetraCon 925-P; 16201702;
Multi 3620 IDS; 22490970;4;11.08.2024 13:00:24;4.1;µS/cm;Cond;-0.1;°C;Temp;;;C = 0.475 1/cm   Tref25   nLF;TetraCon 925-P; 16201702;
Multi 3620 IDS; 22490970;4;11.08.2024 13:00:29;3.2;µS/cm;Cond;-0.1;°C;Temp;;;C = 0.475 1/cm   Tref25   nLF;TetraCon 925-P; 16201702;
Multi 3620 IDS; 22490970;4;11.08.2024 13:00:34;2.7;µS/cm;Cond;-0.1;°C;Temp;;;C = 0.475 1/cm   Tref25   nLF;TetraCon 925-P; 16201702;
Multi 3620 IDS; 22490970;4;11.08.2024 13:00:39;2.3;µS/cm;Cond;-0.1;°C;Temp;;;C = 0.475 1/cm   Tref25   nLF;TetraCon 925-P; 16201702;
Multi 3620 IDS; 22490970;4;11.08.2024 13:00:44;2.1;µS/cm;Cond;-0.1;°C;Temp;;;C = 0.475 1/cm   Tref25   nLF;TetraCon 925-P; 16201702;
Multi 3620 IDS; 22490970;4;11.08.2024 13:00:49;1.9;µS/cm;Cond;-0.1;°C;Temp;;;C = 0.475 1/cm   Tref25   nLF;TetraCon 925-P; 16201702;
Multi 3620 IDS; 22490970;4;11.08.2024 13:00:54;1.8;µS/cm;Cond;-0.1;°C;Temp;;;C = 0.475 1/cm   Tref25   nLF;TetraCon 925-P; 16201702;
Multi 3620 IDS; 22490970;4;11.08.2024 13:00:59;1.7;µS/cm;Cond;-0.1;°C;Temp;;;C = 0.475 1/cm   Tref25   nLF;TetraCon 925-P; 16201702;
Multi 3620 IDS; 22490970;4;11.08.2024 13:01:04;1.7;µS/cm;Cond;-0.1;°C;Temp;;;C = 0.475 1/cm   Tref25   nLF;TetraCon 925-P; 16201702;
Multi 3620 IDS; 22490970;4;11.08.2024 13:01:09;1.6;µS/cm;Cond;-0.1;°C;Temp;;;C = 0.475 1/cm   Tref25   nLF;TetraCon 925-P; 16201702;
Multi 3620 IDS; 22490970;4;11.08.2024 13:01:14;1.6;µS/cm;Cond;-0.1;°C;Temp;AR;;C = 0.475 1/cm   Tref25   nLF;TetraCon 925-P; 16201702;
Multi 3620 IDS; 22490970;4;11.08.2024 13:01:19;1.6;µS/cm;Cond;-0.1;°C;Temp;AR;;C = 0.475 1/cm   Tref25   nLF;TetraCon 925-P; 16201702;
Multi 3620 IDS; 22490970;4;11.08.2024 13:01:24;1.5;µS/cm;Cond;-0.1;°C;Temp;;;C = 0.475 1/cm   Tref25   nLF;TetraCon 925-P; 16201702;
Multi 3620 IDS; 22490970;4;11.08.2024 13:01:29;1.5;µS/cm;Cond;-0.1;°C;Temp;AR;;C = 0.475 1/cm   Tref25   nLF;TetraCon 925-P; 16201702;
Multi 3620 IDS; 22490970;4;11.08.2024 13:01:34;1.5;µS/cm;Cond;-0.1;°C;Temp;AR;;C = 0.475 1/cm   Tref25   nLF;TetraCon 925-P; 16201702;
Multi 3620 IDS; 22490970;4;11.08.2024 13:01:39;1.5;µS/cm;Cond;-0.1;°C;Temp;AR;;C = 0.475 1/cm   Tref25   nLF;TetraCon 925-P; 16201702;
Multi 3620 IDS; 22490970;4;11.08.2024 13:01:44;1.5;µS/cm;Cond;-0.1;°C;Temp;AR;;C = 0.475 1/cm   Tref25   nLF;TetraCon 925-P; 16201702;
Multi 3620 IDS; 22490970;4;11.08.2024 13:01:49;1.5;µS/cm;Cond;-0.1;°C;Temp;AR;;C = 0.475 1/cm   Tref25   nLF;TetraCon 925-P; 16201702;
Multi 3620 IDS; 22490970;4;11.08.2024 13:01:54;1.5;µS/cm;Cond;-0.1;°C;Temp;AR;;C = 0.475 1/cm   Tref25   nLF;TetraCon 925-P; 16201702;
Multi 3620 IDS; 22490970;4;11.08.2024 13:01:59;1.5;µS/cm;Cond;-0.1;°C;Temp;AR;;C = 0.475 1/cm   Tref25   nLF;TetraCon 925-P; 16201702;
